ID,Name,Date Created,Date Modified,NCA Chain,Invoice #,Invoice Date,Month,Gross,Currency,Net,Discount %,Rebate %,Rebate Amount,Customer,NCA Group
1018364,425-5643,9/6/2018,9/17/2018,Sodexo,425-5643,9/1/2018,September,225,,191.25,15,10,22.5,NCC - Food Court 2,Sodexo
1018365,425-5644,9/6/2018,9/17/2018,Sodexo,425-5644,9/1/2018,September,240,,204,15,10,24,Moravian College (Blue & Grey),Sodexo
1018366,425-5645,9/6/2018,9/17/2018,Sodexo,425-5645,9/1/2018,September,195,,165.75,15,10,19.5,Lehigh Valley Muhlenberg Hospital,Sodexo
1018367,425-5648,9/6/2018,9/17/2018,Sodexo,425-5648,9/1/2018,September,240,,204,15,10,24,Muhlenberg University food ct,Sodexo
1018368,425-5649,9/6/2018,10/22/2018,ARA,425-5649,9/1/2018,September,60,-99,51,15,10,6,Aramark Chubb CPI (Bldg A) - Whitehouse,Aramark
1018369,425-5650,9/6/2018,10/22/2018,ARA,425-5650,9/1/2018,September,116,-99,98.6,15,10,11.6,Aramark Chubb CCI (Bldg B) - Whitehouse,Aramark
1018370,425-5651,9/6/2018,9/17/2018,Sodexo,425-5651,9/1/2018,September,150,,127.5,15,10,15,Lehigh Valley Hospital - Cedar Crest,Sodexo
1018371,425-5652,9/6/2018,9/17/2018,Sodexo,425-5652,9/1/2018,September,120,,102,15,10,12,Moravian College (Kitchen),Sodexo
1018372,425-5654,9/6/2018,9/17/2018,Sodexo,425-5654,9/1/2018,September,120,,102,15,10,12,Muhlenberg University GQ,Sodexo
1018373,425-5655,9/6/2018,9/17/2018,Sodexo,425-5655,9/1/2018,September,180,,153,15,10,18,DeSales University,Sodexo
1018374,425-5657,9/6/2018,9/24/2018,Sodexo,425-5657,9/1/2018,September,60,,51,15,10,6,Lehigh Valley Hospital - 17th Street,Sodexo
1018375,425-5658,9/6/2018,9/17/2018,Sodexo,425-5658,9/1/2018,September,60,,51,15,10,6,Health Network Laboratories,Sodexo
1018376,425-5659,9/6/2018,9/17/2018,Sodexo,425-5659,9/1/2018,September,60,,51,15,10,6,Moravian College (Clewell Dining Hall),Sodexo
1018377,425-5660,9/6/2018,9/17/2018,Sodexo,425-5660,9/1/2018,September,75,,63.75,15,10,7.5,Doylestown Hospital,Sodexo
1018378,425-5661,9/6/2018,9/17/2018,Sodexo,425-5661,9/1/2018,September,120,,102,15,10,12,NCC - Residents,Sodexo
1020124,425-5662,9/11/2018,9/17/2018,Sodexo,425-5662,9/6/2018,September,192,,163.2,15,10,19.2,TCNJ - TRADITIONS,Sodexo
1020125,425-5663,9/11/2018,9/17/2018,Sodexo,425-5663,9/6/2018,September,150,,127.5,15,10,15,Lehigh Univ. (Hawks Nest),Sodexo
1020126,425-5665,9/11/2018,9/17/2018,Sodexo,425-5665,9/6/2018,September,256,,217.6,15,10,25.6,TCNJ - TDUBS,Sodexo
1020127,425-5667,9/11/2018,9/24/2018,Sodexo,425-5667,9/6/2018,September,210,,178.5,15,10,21,Lehigh Univ. (UC2- Asian & Pandinis),Sodexo
1020128,425-5668,9/11/2018,9/17/2018,Sodexo,425-5668,9/6/2018,September,105,,89.25,15,10,10.5,Lehigh Univ. (UC1-Kitchen/Grill),Sodexo
1020129,425-5671,9/11/2018,9/17/2018,Sodexo,425-5671,9/6/2018,September,160,,136,15,10,16,TCNJ - FOOD COURT,Sodexo
1020130,425-5673,9/11/2018,9/24/2018,Sodexo,425-5673,9/6/2018,September,75,,63.75,15,10,7.5,Lehigh Univ. (Rathbone),Sodexo
1020131,425-5677,9/11/2018,9/17/2018,Sodexo,425-5677,9/6/2018,September,288,,244.8,15,10,28.8,College of New Jersey,Sodexo
1020132,425-5685,9/11/2018,9/17/2018,Sodexo,425-5685,9/6/2018,September,60,,51,15,10,6,Lehigh Univ. (Brodhead),Sodexo
1049793,F4527,12/11/2018,12/23/2018,,F4527,9/7/2018,September,742.5,-99,0,,,0,Filta,
1020133,425-5669,9/11/2018,9/17/2018,Sodexo,425-5669,9/8/2018,September,270,,229.5,15,10,27,DeSales University,Sodexo
1020134,425-5670,9/11/2018,9/24/2018,Sodexo,425-5670,9/8/2018,September,255,,216.75,15,10,25.5,Muhlenberg University food ct,Sodexo
1020135,425-5672,9/11/2018,9/24/2018,Sodexo,425-5672,9/8/2018,September,180,,153,15,10,18,Lehigh Valley Muhlenberg Hospital,Sodexo
1020136,425-5674,9/11/2018,9/17/2018,Sodexo,425-5674,9/8/2018,September,120,,102,15,10,12,Moravian College (Kitchen),Sodexo
1020137,425-5675,9/11/2018,9/24/2018,Sodexo,425-5675,9/8/2018,September,120,,102,15,10,12,Moravian College (Market Place),Sodexo
1020138,425-5676,9/11/2018,9/17/2018,Sodexo,425-5676,9/8/2018,September,120,,102,15,10,12,Moravian College (Blue & Grey),Sodexo
1020139,425-5679,9/11/2018,12/10/2018,ARA,425-5679,9/8/2018,September,116,-99,98.6,15,10,11.6,Aramark Chubb CPI (Bldg A) - Whitehouse,Aramark
1020140,425-5680,9/12/2018,10/29/2018,ARA,425-5680,9/8/2018,September,116,-99,98.6,15,10,11.6,Aramark Chubb CCI (Bldg B) - Whitehouse,Aramark
1020141,425-5682,9/11/2018,9/17/2018,Sodexo,425-5682,9/8/2018,September,180,,153,15,10,18,Lehigh Valley Hospital - Cedar Crest,Sodexo
1020142,425-5683,9/11/2018,9/24/2018,Sodexo,425-5683,9/8/2018,September,120,,102,15,10,12,Muhlenberg University GQ,Sodexo
1020143,425-5684,9/12/2018,10/15/2018,SGE,425-5684,9/8/2018,September,70,-99,66.5,5,0,0,Princeton Theological Seminary (Sage),SAGE Dining
1020144,425-5686,9/11/2018,9/24/2018,Sodexo,425-5686,9/8/2018,September,60,,51,15,10,6,Lehigh Valley Hospital - 17th Street,Sodexo
1020145,425-5687,9/11/2018,9/24/2018,Sodexo,425-5687,9/8/2018,September,90,,76.5,15,10,9,NCC - Food Court 2,Sodexo
1020146,425-5688,9/11/2018,9/24/2018,Sodexo,425-5688,9/8/2018,September,60,,51,15,10,6,Moravian College (Clewell Dining Hall),Sodexo
1020147,425-5690,9/11/2018,9/24/2018,Sodexo,425-5690,9/8/2018,September,75,,63.75,15,10,7.5,Doylestown Hospital,Sodexo
1020148,425-5692,9/11/2018,9/24/2018,Sodexo,425-5692,9/8/2018,September,75,,63.75,15,10,7.5,NCC - Residents,Sodexo
1020149,425-5693,9/12/2018,11/27/2018,,425-5693,9/8/2018,September,175,-99,0,,,0,Princeton Theological Seminary (school),
1020319,425-5694,9/20/2018,9/24/2018,Sodexo,425-5694,9/13/2018,September,192,,163.2,15,10,19.2,TCNJ - TRADITIONS,Sodexo
1020320,425-5695,9/20/2018,9/24/2018,Sodexo,425-5695,9/13/2018,September,150,,127.5,15,10,15,Lehigh Univ. (Hawks Nest),Sodexo
1020321,425-5696,9/20/2018,9/24/2018,Sodexo,425-5696,9/13/2018,September,135,,114.75,15,10,13.5,Lehigh Univ. (UC1-Kitchen/Grill),Sodexo
1020322,425-5697,9/20/2018,9/24/2018,Sodexo,425-5697,9/13/2018,September,195,,165.75,15,10,19.5,Lehigh Univ. (UC2- Asian & Pandinis),Sodexo
1023462,425-5703,9/20/2018,9/24/2018,Sodexo,425-5703,9/13/2018,September,128,,108.8,15,10,12.8,TCNJ - FOOD COURT,Sodexo
1023463,425-5704,9/20/2018,9/24/2018,Sodexo,425-5704,9/13/2018,September,352,,299.2,15,10,35.2,College of New Jersey,Sodexo
1023464,425-5706,9/20/2018,9/24/2018,Sodexo,425-5706,9/13/2018,September,192,,163.2,15,10,19.2,TCNJ - TDUBS,Sodexo
1023465,425-5707,9/20/2018,9/24/2018,Sodexo,425-5707,9/13/2018,September,60,,51,15,10,6,Lehigh Univ. - Stabler Arena & Food,Sodexo
1023466,425-5708,9/20/2018,9/24/2018,Sodexo,425-5708,9/13/2018,September,60,,51,15,10,6,Lehigh Univ. (UC3-Catering/Mtn Top),Sodexo
1023467,425-5711,9/20/2018,9/24/2018,Sodexo,425-5711,9/13/2018,September,75,,63.75,15,10,7.5,Lehigh Univ. (Rathbone),Sodexo
1049794,F4541,12/11/2018,12/23/2018,,F4541,9/14/2018,September,370.01,-99,0,,,0,Filta,
1023468,425-5698,9/20/2018,10/1/2018,Sodexo,425-5698,9/15/2018,September,195,-99,165.75,15,10,19.5,NCC - Food Court 2,Sodexo
1023469,425-5699,9/20/2018,9/24/2018,Sodexo,425-5699,9/15/2018,September,195,,165.75,15,10,19.5,Muhlenberg University food ct,Sodexo
1023470,425-5700,9/20/2018,9/24/2018,Sodexo,425-5700,9/15/2018,September,270,,229.5,15,10,27,DeSales University,Sodexo
1023471,425-5701,9/20/2018,9/24/2018,Sodexo,425-5701,9/15/2018,September,150,,127.5,15,10,15,Lehigh Valley Hospital - Cedar Crest,Sodexo
1023472,425-5702,9/20/2018,9/24/2018,Sodexo,425-5702,9/15/2018,September,142.5,,121.13,15,10,14.25,Lehigh Valley Muhlenberg Hospital,Sodexo
1023473,425-5705,9/20/2018,9/24/2018,Sodexo,425-5705,9/15/2018,September,120,,102,15,10,12,Muhlenberg University GQ,Sodexo
1023474,425-5709,9/20/2018,11/5/2018,ARA,425-5709,9/15/2018,September,88,-99,74.8,15,10,8.8,Aramark Chubb CPI (Bldg A) - Whitehouse,Aramark
1023475,425-5710,9/20/2018,11/5/2018,ARA,425-5710,9/15/2018,September,88,-99,74.8,15,10,8.8,Aramark Chubb CCI (Bldg B) - Whitehouse,Aramark
1023476,425-5712,9/20/2018,9/24/2018,Sodexo,425-5712,9/15/2018,September,60,,51,15,10,6,Moravian College (Kitchen),Sodexo
1023477,425-5713,9/20/2018,9/24/2018,Sodexo,425-5713,9/15/2018,September,120,,102,15,10,12,Moravian College (Blue & Grey),Sodexo
1023478,425-5714,9/20/2018,9/24/2018,Sodexo,425-5714,9/15/2018,September,60,,51,15,10,6,Lehigh Valley Hospital - 17th Street,Sodexo
1023479,425-5715,9/20/2018,10/1/2018,Sodexo,425-5715,9/15/2018,September,60,-99,51,15,10,6,Health Network Laboratories,Sodexo
1023480,425-5717,9/20/2018,9/24/2018,Sodexo,425-5717,9/15/2018,September,60,,51,15,10,6,Moravian College (Clewell Dining Hall),Sodexo
1023481,425-5719,9/20/2018,9/24/2018,Sodexo,425-5719,9/15/2018,September,90,,76.5,15,10,9,NCC - Residents,Sodexo
1023482,425-5721,9/20/2018,9/24/2018,Sodexo,425-5721,9/15/2018,September,75,,63.75,15,10,7.5,Doylestown Hospital,Sodexo
1023483,425-5716,9/26/2018,10/1/2018,Sodexo,425-5716,9/20/2018,September,192,-99,163.2,15,10,19.2,TCNJ - TRADITIONS,Sodexo
1023484,425-5718,9/26/2018,10/1/2018,Sodexo,425-5718,9/20/2018,September,150,-99,127.5,15,10,15,Lehigh Univ. (Hawks Nest),Sodexo
1023485,425-5720,9/26/2018,10/1/2018,Sodexo,425-5720,9/20/2018,September,256,-99,217.6,15,10,25.6,TCNJ - TDUBS,Sodexo
1023486,425-5722,9/26/2018,10/1/2018,Sodexo,425-5722,9/20/2018,September,195,-99,165.75,15,10,19.5,Lehigh Univ. (UC2- Asian & Pandinis),Sodexo
1023487,425-5723,9/26/2018,10/1/2018,Sodexo,425-5723,9/20/2018,September,105,-99,89.25,15,10,10.5,Lehigh Univ. (UC1-Kitchen/Grill),Sodexo
1025219,425-5729,9/26/2018,10/1/2018,Sodexo,425-5729,9/20/2018,September,150,-99,127.5,15,10,15,Lehigh Univ. (Rathbone),Sodexo
1025220,425-5736,9/26/2018,10/1/2018,Sodexo,425-5736,9/20/2018,September,192,-99,163.2,15,10,19.2,TCNJ - FOOD COURT,Sodexo
1025221,425-5737,9/26/2018,10/1/2018,Sodexo,425-5737,9/20/2018,September,288,-99,244.8,15,10,28.8,College of New Jersey,Sodexo
1049795,F4567,12/11/2018,12/23/2018,,F4567,9/21/2018,September,817.17,-99,0,,,0,Filta,
1049796,F4568,12/11/2018,12/23/2018,,F4568,9/21/2018,September,1121.25,-99,0,,,0,Filta,
1025222,425-5724,9/26/2018,10/9/2018,Sodexo,425-5724,9/22/2018,September,360,-99,306,15,10,36,Muhlenberg University food ct,Sodexo
1025223,425-5725,9/26/2018,10/9/2018,Sodexo,425-5725,9/22/2018,September,75,-99,63.75,15,10,7.5,Doylestown Hospital,Sodexo
1025224,425-5726,9/26/2018,10/1/2018,Sodexo,425-5726,9/22/2018,September,240,-99,204,15,10,24,DeSales University,Sodexo
1025225,425-5727,9/26/2018,10/1/2018,Sodexo,425-5727,9/22/2018,September,150,-99,127.5,15,10,15,Lehigh Valley Hospital - Cedar Crest,Sodexo
1025226,425-5728,9/26/2018,10/1/2018,Sodexo,425-5728,9/22/2018,September,195,-99,165.75,15,10,19.5,Moravian College (Blue & Grey),Sodexo
1025227,425-5730,9/26/2018,10/1/2018,Sodexo,425-5730,9/22/2018,September,180,-99,153,15,10,18,Moravian College (Kitchen),Sodexo
1025228,425-5731,9/26/2018,10/1/2018,Sodexo,425-5731,9/22/2018,September,60,-99,51,15,10,6,Moravian College (Market Place),Sodexo
1025229,425-5732,9/26/2018,10/9/2018,Sodexo,425-5732,9/22/2018,September,180,-99,153,15,10,18,Muhlenberg University GQ,Sodexo
1025230,425-5733,9/26/2018,10/1/2018,Sodexo,425-5733,9/22/2018,September,315,-99,267.75,15,10,31.5,Lehigh Valley Muhlenberg Hospital,Sodexo
1025231,425-5734,9/26/2018,11/8/2018,ARA,425-5734,9/22/2018,September,116,-99,98.6,15,10,11.6,Aramark Chubb CPI (Bldg A) - Whitehouse,Aramark
1025232,425-5735,9/26/2018,11/8/2018,ARA,425-5735,9/22/2018,September,116,-99,98.6,15,10,11.6,Aramark Chubb CCI (Bldg B) - Whitehouse,Aramark
1025233,425-5738,9/26/2018,10/9/2018,Sodexo,425-5738,9/22/2018,September,60,-99,51,15,10,6,Lehigh Valley Hospital - 17th Street,Sodexo
1025234,425-5739,9/26/2018,10/9/2018,Sodexo,425-5739,9/22/2018,September,75,-99,63.75,15,10,7.5,Northampton CC - Tannersville,Sodexo
1025235,425-5740,9/26/2018,10/1/2018,Sodexo,425-5740,9/22/2018,September,60,-99,51,15,10,6,NCC - Food Court 2,Sodexo
1025236,425-5741,9/26/2018,10/1/2018,Sodexo,425-5741,9/22/2018,September,60,-99,51,15,10,6,Moravian College (Clewell Dining Hall),Sodexo
1025237,425-5742,9/26/2018,10/1/2018,Sodexo,425-5742,9/22/2018,September,75,-99,63.75,15,10,7.5,NCC - Residents,Sodexo
1025238,425-5743,10/2/2018,10/9/2018,Sodexo,425-5743,9/27/2018,September,150,-99,127.5,15,10,15,Lehigh Univ. (Hawks Nest),Sodexo
1025239,425-5744,10/2/2018,10/9/2018,Sodexo,425-5744,9/27/2018,September,60,-99,51,15,10,6,Lehigh Univ. (Brodhead),Sodexo
1025240,425-5745,10/2/2018,10/9/2018,Sodexo,425-5745,9/27/2018,September,105,-99,89.25,15,10,10.5,Lehigh Univ. (UC1-Kitchen/Grill),Sodexo
1025241,425-5746,10/5/2018,10/15/2018,Sodexo,425-5746,9/27/2018,September,192,-99,163.2,15,10,19.2,TCNJ - TRADITIONS,Sodexo
1025242,425-5747,10/5/2018,10/15/2018,Sodexo,425-5747,9/27/2018,September,192,-99,163.2,15,10,19.2,TCNJ - TDUBS,Sodexo
1025243,425-5748,10/2/2018,10/15/2018,Sodexo,425-5748,9/27/2018,September,150,-99,127.5,15,10,15,Lehigh Univ. (UC2- Asian & Pandinis),Sodexo
1027348,425-5756,10/5/2018,10/15/2018,Sodexo,425-5756,9/27/2018,September,160,-99,136,15,10,16,TCNJ - FOOD COURT,Sodexo
1027349,425-5757,10/5/2018,10/15/2018,Sodexo,425-5757,9/27/2018,September,332,-99,282.2,15,10,33.2,College of New Jersey,Sodexo
1027350,425-5758,10/2/2018,10/9/2018,Sodexo,425-5758,9/27/2018,September,60,-99,51,15,10,6,Lehigh Univ. - Stabler Arena & Food,Sodexo
1027351,425-5767,10/2/2018,10/15/2018,Sodexo,425-5767,9/27/2018,September,75,-99,63.75,15,10,7.5,Lehigh Univ. (Rathbone),Sodexo
1027352,425-5749,10/2/2018,10/9/2018,Sodexo,425-5749,9/29/2018,September,135,-99,114.75,15,10,13.5,NCC - Food Court 2,Sodexo
1027353,425-5750,10/2/2018,10/9/2018,Sodexo,425-5750,9/29/2018,September,270,-99,229.5,15,10,27,DeSales University,Sodexo
1027354,425-5751,10/2/2018,10/9/2018,Sodexo,425-5751,9/29/2018,September,300,-99,255,15,10,30,Muhlenberg University food ct,Sodexo
1027355,425-5752,10/2/2018,10/9/2018,Sodexo,425-5752,9/29/2018,September,60,-99,51,15,10,6,Muhlenberg University catering,Sodexo
1027356,425-5753,10/2/2018,10/9/2018,Sodexo,425-5753,9/29/2018,September,236,-99,200.6,15,10,23.6,Muhlenberg University GQ,Sodexo
1027357,425-5754,10/2/2018,10/9/2018,Sodexo,425-5754,9/29/2018,September,150,-99,127.5,15,10,15,Lehigh Valley Muhlenberg Hospital,Sodexo
1027358,425-5755,10/2/2018,10/9/2018,Sodexo,425-5755,9/29/2018,September,135,-99,114.75,15,10,13.5,Lehigh Valley Hospital - Cedar Crest,Sodexo
1027359,425-5759,10/2/2018,11/19/2018,ARA,425-5759,9/29/2018,September,88,-99,74.8,15,10,8.8,Aramark Chubb CPI (Bldg A) - Whitehouse,Aramark
1027360,425-5760,10/2/2018,11/19/2018,ARA,425-5760,9/29/2018,September,116,-99,98.6,15,10,11.6,Aramark Chubb CCI (Bldg B) - Whitehouse,Aramark
1027361,425-5761,10/2/2018,10/15/2018,Sodexo,425-5761,9/29/2018,September,120,-99,102,15,10,12,Moravian College (Blue & Grey),Sodexo
1027362,425-5762,10/2/2018,10/15/2018,Sodexo,425-5762,9/29/2018,September,60,-99,51,15,10,6,Moravian College (Market Place),Sodexo
1027363,425-5763,10/2/2018,10/15/2018,Sodexo,425-5763,9/29/2018,September,120,-99,102,15,10,12,Moravian College (Kitchen),Sodexo
1027364,425-5764,10/2/2018,10/9/2018,Sodexo,425-5764,9/29/2018,September,60,-99,51,15,10,6,Lehigh Valley Hospital - 17th Street,Sodexo
1027365,425-5765,10/2/2018,10/9/2018,Sodexo,425-5765,9/29/2018,September,60,-99,51,15,10,6,Health Network Laboratories,Sodexo
1027366,425-5766,10/2/2018,10/15/2018,Sodexo,425-5766,9/29/2018,September,60,-99,51,15,10,6,Moravian College (Clewell Dining Hall),Sodexo
1027367,425-5768,10/2/2018,10/15/2018,Sodexo,425-5768,9/29/2018,September,50,-99,42.5,15,10,5,Doylestown Hospital,Sodexo
1027368,425-5769,10/2/2018,11/19/2018,SGE,425-5769,9/29/2018,September,70,-99,66.5,5,0,0,Princeton Theological Seminary (Sage),SAGE Dining
1027369,425-5770,10/2/2018,11/27/2018,,425-5770,9/29/2018,September,200,-99,0,,,0,Princeton Theological Seminary (school),
1027370,425-5771,10/2/2018,10/15/2018,Sodexo,425-5771,9/29/2018,September,90,-99,76.5,15,10,9,NCC - Residents,Sodexo
1049797,F4604,12/11/2018,12/23/2018,,F4604,9/29/2018,September,921.38,-99,0,,,0,Filta,
1020150,425-5664,10/3/2018,11/15/2018,,425-5664,9/30/2018,September,360,-99,0,,,0,Pennswood Village,
1020151,425-5666,10/3/2018,10/18/2018,,425-5666,9/30/2018,September,405,-99,0,,,0,Lower Bucks Hospital,
1020152,425-5678,10/3/2018,1/1/2019,,425-5678,9/30/2018,September,522,-99,0,,,0,The Bucks Club,
1020153,425-5681,10/3/2018,12/18/2018,,425-5681,9/30/2018,September,165,-99,0,,,0,Duck Donuts - Allentown,
1020154,425-5689,10/3/2018,11/27/2018,,425-5689,9/30/2018,September,120,-99,0,,,0,Giggleberry Fair,
1020155,425-5691,10/3/2018,12/29/2018,,425-5691,9/30/2018,September,240,-99,0,,,0,Whole Foods - Allentown,
1027534,425-5772,10/12/2018,10/22/2018,Sodexo,425-5772,10/4/2018,October,168,-99,142.8,15,10,16.8,Lehigh Univ. (Hawks Nest),Sodexo
1027535,425-5773,10/12/2018,10/22/2018,Sodexo,425-5773,10/4/2018,October,135,-99,114.75,15,10,13.5,Lehigh Univ. (UC1-Kitchen/Grill),Sodexo
1027796,425-5774,10/12/2018,10/22/2018,Sodexo,425-5774,10/4/2018,October,192,-99,163.2,15,10,19.2,TCNJ - TRADITIONS,Sodexo
1027797,425-5775,10/12/2018,10/22/2018,Sodexo,425-5775,10/4/2018,October,256,-99,217.6,15,10,25.6,TCNJ - TDUBS,Sodexo
1030596,425-5781,10/12/2018,10/22/2018,Sodexo,425-5781,10/4/2018,October,160,-99,136,15,10,16,TCNJ - FOOD COURT,Sodexo
1030597,425-5782,10/12/2018,10/22/2018,Sodexo,425-5782,10/4/2018,October,320,-99,272,15,10,32,College of New Jersey,Sodexo
1030598,425-5787,10/12/2018,10/22/2018,Sodexo,425-5787,10/4/2018,October,178,-99,151.3,15,10,17.8,Lehigh Univ. (UC2- Asian & Pandinis),Sodexo
1030599,425-5788,10/12/2018,10/22/2018,Sodexo,425-5788,10/4/2018,October,68,-99,57.8,15,10,6.8,Lehigh Univ. (Brodhead),Sodexo
1030600,425-5790,10/12/2018,10/22/2018,Sodexo,425-5790,10/4/2018,October,93,-99,79.05,15,10,9.3,Lehigh Univ. (Rathbone),Sodexo
1030601,425-5776,10/12/2018,10/22/2018,Sodexo,425-5776,10/6/2018,October,118,-99,100.3,15,10,11.8,Doylestown Hospital,Sodexo
1030602,425-5777,10/12/2018,10/22/2018,Sodexo,425-5777,10/6/2018,October,322,-99,273.7,15,10,32.2,Lehigh Valley Hospital - Cedar Crest,Sodexo
1030603,425-5778,10/12/2018,10/22/2018,Sodexo,425-5778,10/6/2018,October,329,-99,279.65,15,10,32.9,DeSales University,Sodexo
1030604,425-5779,10/12/2018,10/22/2018,Sodexo,425-5779,10/6/2018,October,390,-99,331.5,15,10,39,Muhlenberg University food ct,Sodexo
1030605,425-5780,10/12/2018,10/22/2018,Sodexo,425-5780,10/6/2018,October,143,-99,121.55,15,10,14.3,Lehigh Valley Muhlenberg Hospital,Sodexo
1030606,425-5783,10/12/2018,10/22/2018,Sodexo,425-5783,10/6/2018,October,136,-99,115.6,15,10,13.6,Muhlenberg University GQ,Sodexo
1030607,425-5784,10/12/2018,12/3/2018,ARA,425-5784,10/6/2018,October,116,-99,98.6,15,10,11.6,Aramark Chubb CPI (Bldg A) - Whitehouse,Aramark
1030608,425-5785,10/12/2018,11/26/2018,ARA,425-5785,10/6/2018,October,116,-99,98.6,15,10,11.6,Aramark Chubb CCI (Bldg B) - Whitehouse,Aramark
1030609,425-5786,10/12/2018,10/22/2018,Sodexo,425-5786,10/6/2018,October,136,-99,115.6,15,10,13.6,Moravian College (Blue & Grey),Sodexo
1030610,425-5789,10/12/2018,10/22/2018,Sodexo,425-5789,10/6/2018,October,68,-99,57.8,15,10,6.8,Lehigh Valley Hospital - 17th Street,Sodexo
1030611,425-5792,10/12/2018,10/22/2018,Sodexo,425-5792,10/6/2018,October,128,-99,108.8,15,10,12.8,NCC - Food Court 2,Sodexo
1030612,425-5793,10/12/2018,10/22/2018,Sodexo,425-5793,10/6/2018,October,68,-99,57.8,15,10,6.8,Moravian College (Market Place),Sodexo
1030613,425-5794,10/12/2018,10/22/2018,Sodexo,425-5794,10/6/2018,October,136,-99,115.6,15,10,13.6,Moravian College (Kitchen),Sodexo
1030614,425-5795,10/12/2018,10/22/2018,Sodexo,425-5795,10/6/2018,October,68,-99,57.8,15,10,6.8,Moravian College (Clewell Dining Hall),Sodexo
1030615,425-5796,10/12/2018,10/22/2018,Sodexo,425-5796,10/6/2018,October,93,-99,79.05,15,10,9.3,NCC - Residents,Sodexo
1030616,425-5802,10/17/2018,10/22/2018,Sodexo,425-5802,10/11/2018,October,229,-99,194.65,15,10,22.9,Lehigh Univ. (UC2- Asian & Pandinis),Sodexo
1030617,425-5803,10/17/2018,10/22/2018,Sodexo,425-5803,10/11/2018,October,186,-99,158.1,15,10,18.6,Lehigh Univ. (Hawks Nest),Sodexo
1030618,425-5804,10/17/2018,10/22/2018,Sodexo,425-5804,10/11/2018,October,136,-99,115.6,15,10,13.6,Lehigh Univ. (UC1-Kitchen/Grill),Sodexo
1030619,425-5805,10/18/2018,10/22/2018,Sodexo,425-5805,10/11/2018,October,192,-99,163.2,15,10,19.2,TCNJ - TRADITIONS,Sodexo
1030620,425-5806,10/18/2018,10/22/2018,Sodexo,425-5806,10/11/2018,October,256,-99,217.6,15,10,25.6,TCNJ - TDUBS,Sodexo
1032433,425-5813,10/18/2018,10/29/2018,Sodexo,425-5813,10/11/2018,October,96,-99,81.6,15,10,9.6,TCNJ - FOOD COURT,Sodexo
1032434,425-5816,10/18/2018,10/29/2018,Sodexo,425-5816,10/11/2018,October,128,-99,108.8,15,10,12.8,College of New Jersey,Sodexo
1032435,425-5820,10/17/2018,11/5/2018,Sodexo,425-5820,10/11/2018,October,68,-99,57.8,15,10,6.8,Lehigh Univ. - Stabler Arena & Food,Sodexo
1032436,425-5823,10/18/2018,10/29/2018,Sodexo,425-5823,10/11/2018,October,93,-99,79.05,15,10,9.3,Lehigh Univ. (Rathbone),Sodexo
1049798,F4641,12/11/2018,12/23/2018,,F4641,10/11/2018,October,764.7,-99,0,,,0,Filta,
1032154,425-5807,10/18/2018,10/22/2018,Sodexo,425-5807,10/13/2018,October,204,-99,173.4,15,10,20.4,Muhlenberg University GQ,Sodexo
1032155,425-5808,10/18/2018,10/29/2018,Sodexo,425-5808,10/13/2018,October,68,-99,57.8,15,10,6.8,NCC - Food Court 2,Sodexo
1032156,425-5809,10/18/2018,10/22/2018,Sodexo,425-5809,10/13/2018,October,279,-99,237.15,15,10,27.9,DeSales University,Sodexo
1032157,425-5810,10/18/2018,10/22/2018,Sodexo,425-5810,10/13/2018,October,68,-99,57.8,15,10,6.8,Muhlenberg University catering,Sodexo
1032158,425-5811,10/17/2018,10/22/2018,Sodexo,425-5811,10/13/2018,October,254,-99,215.9,15,10,25.4,Lehigh Valley Hospital - Cedar Crest,Sodexo
1032159,425-5812,10/17/2018,10/29/2018,Sodexo,425-5812,10/13/2018,October,229,-99,194.65,15,10,22.9,Lehigh Valley Muhlenberg Hospital,Sodexo
1032437,425-5814,10/17/2018,12/3/2018,ARA,425-5814,10/13/2018,October,144,-99,122.4,15,10,14.4,Aramark Chubb CPI (Bldg A) - Whitehouse,Aramark
1032438,425-5815,10/17/2018,12/3/2018,ARA,425-5815,10/13/2018,October,116,-99,98.6,15,10,11.6,Aramark Chubb CCI (Bldg B) - Whitehouse,Aramark
1032439,425-5817,10/18/2018,10/29/2018,Sodexo,425-5817,10/13/2018,October,297,-99,252.45,15,10,29.7,Muhlenberg University food ct,Sodexo
1032440,425-5818,10/18/2018,10/29/2018,Sodexo,425-5818,10/13/2018,October,68,-99,57.8,15,10,6.8,Moravian College (Blue & Grey),Sodexo
1032441,425-5819,10/18/2018,10/29/2018,Sodexo,425-5819,10/13/2018,October,68,-99,57.8,15,10,6.8,Moravian College (Kitchen),Sodexo
1032442,425-5821,10/17/2018,10/29/2018,Sodexo,425-5821,10/13/2018,October,68,-99,57.8,15,10,6.8,Lehigh Valley Hospital - 17th Street,Sodexo
1032443,425-5822,10/17/2018,10/29/2018,Sodexo,425-5822,10/13/2018,October,68,-99,57.8,15,10,6.8,Health Network Laboratories,Sodexo
1032444,425-5824,10/18/2018,10/29/2018,Sodexo,425-5824,10/13/2018,October,68,-99,57.8,15,10,6.8,Moravian College (Clewell Dining Hall),Sodexo
1032445,425-5825,10/18/2018,10/29/2018,Sodexo,425-5825,10/13/2018,October,75,-99,63.75,15,10,7.5,Doylestown Hospital,Sodexo
1032446,425-5826,10/18/2018,11/19/2018,SGE,425-5826,10/13/2018,October,70,-99,66.5,5,0,0,Princeton Theological Seminary (Sage),SAGE Dining
1032447,425-5827,10/18/2018,10/29/2018,Sodexo,425-5827,10/13/2018,October,118,-99,100.3,15,10,11.8,NCC - Residents,Sodexo
1032742,425-5828,10/25/2018,11/5/2018,Sodexo,425-5828,10/18/2018,October,161,-99,136.85,15,10,16.1,Lehigh Univ. (UC2- Asian & Pandinis),Sodexo
1032743,425-5829,10/25/2018,11/5/2018,Sodexo,425-5829,10/18/2018,October,64,-99,54.4,15,10,6.4,College of New Jersey,Sodexo
1032744,425-5830,10/25/2018,11/5/2018,Sodexo,425-5830,10/18/2018,October,93,-99,79.05,15,10,9.3,Lehigh Univ. (Hawks Nest),Sodexo
1032745,425-5831,10/25/2018,11/5/2018,Sodexo,425-5831,10/18/2018,October,160,-99,136,15,10,16,TCNJ - TRADITIONS,Sodexo
1032746,425-5832,10/25/2018,11/5/2018,Sodexo,425-5832,10/18/2018,October,143,-99,121.55,15,10,14.3,Lehigh Univ. (UC1-Kitchen/Grill),Sodexo
1032747,425-5833,10/25/2018,11/5/2018,Sodexo,425-5833,10/18/2018,October,128,-99,108.8,15,10,12.8,TCNJ - TDUBS,Sodexo
1034676,425-5834,10/25/2018,11/5/2018,Sodexo,425-5834,10/18/2018,October,128,-99,108.8,15,10,12.8,TCNJ - FOOD COURT,Sodexo
1034677,425-5845,10/25/2018,11/5/2018,Sodexo,425-5845,10/18/2018,October,93,-99,79.05,15,10,9.3,Lehigh Univ. (Rathbone),Sodexo
1034678,425-5849,10/25/2018,11/5/2018,Sodexo,425-5849,10/18/2018,October,204,-99,173.4,15,10,20.4,Lehigh Univ. - Stabler Arena & Food,Sodexo
1049799,F4662,12/11/2018,12/23/2018,,F4662,10/18/2018,October,867.75,-99,0,,,0,Filta,
1034679,425-5835,10/26/2018,11/5/2018,Sodexo,425-5835,10/20/2018,October,204,-99,173.4,15,10,20.4,NCC - Food Court 2,Sodexo
1034680,425-5836,10/25/2018,11/5/2018,Sodexo,425-5836,10/20/2018,October,25,-99,21.25,15,10,2.5,Doylestown Hospital,Sodexo
1034681,425-5837,10/25/2018,11/5/2018,Sodexo,425-5837,10/20/2018,October,354,-99,300.9,15,10,35.4,DeSales University,Sodexo
1034682,425-5838,10/26/2018,10/29/2018,Sodexo,425-5838,10/20/2018,October,254,-99,215.9,15,10,25.4,Moravian College (Blue & Grey),Sodexo
1034683,425-5839,10/26/2018,10/29/2018,Sodexo,425-5839,10/20/2018,October,136,-99,115.6,15,10,13.6,Moravian College (Kitchen),Sodexo
1034684,425-5840,10/26/2018,11/5/2018,Sodexo,425-5840,10/20/2018,October,433,-99,368.05,15,10,43.3,Muhlenberg University food ct,Sodexo
1034685,425-5841,10/25/2018,11/5/2018,Sodexo,425-5841,10/20/2018,October,332,-99,282.2,15,10,33.2,Lehigh Valley Muhlenberg Hospital,Sodexo
1034686,425-5842,10/25/2018,11/5/2018,Sodexo,425-5842,10/20/2018,October,186,-99,158.1,15,10,18.6,Lehigh Valley Hospital - Cedar Crest,Sodexo
1034687,425-5843,10/25/2018,12/10/2018,ARA,425-5843,10/20/2018,October,116,-99,98.6,15,10,11.6,Aramark Chubb CPI (Bldg A) - Whitehouse,Aramark
1034688,425-5844,10/25/2018,12/10/2018,ARA,425-5844,10/20/2018,October,116,-99,98.6,15,10,11.6,Aramark Chubb CCI (Bldg B) - Whitehouse,Aramark
1034689,425-5846,10/26/2018,11/5/2018,Sodexo,425-5846,10/20/2018,October,136,-99,115.6,15,10,13.6,Muhlenberg University GQ,Sodexo
1034690,425-5847,10/25/2018,11/5/2018,Sodexo,425-5847,10/20/2018,October,68,-99,57.8,15,10,6.8,Lehigh Valley Hospital - 17th Street,Sodexo
1034691,425-5848,10/26/2018,11/5/2018,Sodexo,425-5848,10/20/2018,October,93,-99,79.05,15,10,9.3,Northampton CC - Tannersville,Sodexo
1035036,425-5850,10/26/2018,11/5/2018,Sodexo,425-5850,10/20/2018,October,118,-99,100.3,15,10,11.8,NCC - Residents,Sodexo
1049800,F4680,12/11/2018,12/23/2018,,F4680,10/23/2018,October,430.54,-99,0,,,0,Filta,
1035037,425-5851,10/30/2018,11/5/2018,Sodexo,425-5851,10/25/2018,October,224,-99,190.4,15,10,22.4,College of New Jersey,Sodexo
1035038,425-5852,10/30/2018,11/5/2018,Sodexo,425-5852,10/25/2018,October,186,-99,158.1,15,10,18.6,Lehigh Univ. (Hawks Nest),Sodexo
1035039,425-5853,10/30/2018,11/5/2018,Sodexo,425-5853,10/25/2018,October,211,-99,179.35,15,10,21.1,Lehigh Univ. (UC2- Asian & Pandinis),Sodexo
1035040,425-5854,10/30/2018,11/5/2018,Sodexo,425-5854,10/25/2018,October,192,-99,163.2,15,10,19.2,TCNJ - TDUBS,Sodexo
1035041,425-5855,10/30/2018,11/5/2018,Sodexo,425-5855,10/25/2018,October,93,-99,79.05,15,10,9.3,Lehigh Univ. (UC1-Kitchen/Grill),Sodexo
1036322,425-5857,10/30/2018,11/5/2018,Sodexo,425-5857,10/25/2018,October,96,-99,81.6,15,10,9.6,TCNJ - TRADITIONS,Sodexo
1036323,425-5858,10/30/2018,11/5/2018,Sodexo,425-5858,10/25/2018,October,160,-99,136,15,10,16,TCNJ - FOOD COURT,Sodexo
1036324,425-5860,10/30/2018,11/5/2018,Sodexo,425-5860,10/25/2018,October,93,-99,79.05,15,10,9.3,Lehigh Univ. (Rathbone),Sodexo
1036325,425-5866,10/30/2018,11/5/2018,Sodexo,425-5866,10/25/2018,October,68,-99,57.8,15,10,6.8,Lehigh Univ. (Brodhead),Sodexo
1036326,425-5856,10/30/2018,11/5/2018,Sodexo,425-5856,10/27/2018,October,75,-99,63.75,15,10,7.5,Doylestown Hospital,Sodexo
1036327,425-5859,11/1/2018,11/5/2018,Sodexo,425-5859,10/27/2018,October,211,-99,179.35,15,10,21.1,DeSales University,Sodexo
1036328,425-5861,11/1/2018,11/5/2018,Sodexo,425-5861,10/27/2018,October,347,-99,294.95,15,10,34.7,Muhlenberg University food ct,Sodexo
1036329,425-5862,11/1/2018,11/13/2018,Sodexo,425-5862,10/27/2018,October,254,-99,215.9,15,10,25.4,Moravian College (Blue & Grey),Sodexo
1036330,425-5863,10/30/2018,11/5/2018,Sodexo,425-5863,10/27/2018,October,186,-99,158.1,15,10,18.6,Lehigh Valley Hospital - Cedar Crest,Sodexo
1036331,425-5864,11/1/2018,11/5/2018,Sodexo,425-5864,10/27/2018,October,136,-99,115.6,15,10,13.6,Muhlenberg University GQ,Sodexo
1036332,425-5865,10/30/2018,11/5/2018,Sodexo,425-5865,10/27/2018,October,229,-99,194.65,15,10,22.9,Lehigh Valley Muhlenberg Hospital,Sodexo
1036333,425-5867,11/1/2018,12/17/2018,ARA,425-5867,10/27/2018,October,88,-99,74.8,15,10,8.8,Aramark Chubb CPI (Bldg A) - Whitehouse,Aramark
1036334,425-5868,11/1/2018,12/17/2018,ARA,425-5868,10/27/2018,October,88,-99,74.8,15,10,8.8,Aramark Chubb CCI (Bldg B) - Whitehouse,Aramark
1036335,425-5869,10/30/2018,11/5/2018,Sodexo,425-5869,10/27/2018,October,68,-99,57.8,15,10,6.8,Lehigh Valley Hospital - 17th Street,Sodexo
1036336,425-5870,10/30/2018,11/5/2018,Sodexo,425-5870,10/27/2018,October,68,-99,57.8,15,10,6.8,Health Network Laboratories,Sodexo
1036337,425-5871,11/1/2018,11/5/2018,Sodexo,425-5871,10/27/2018,October,93,-99,79.05,15,10,9.3,NCC - Food Court 2,Sodexo
1036338,425-5872,11/1/2018,11/13/2018,Sodexo,425-5872,10/27/2018,October,68,-99,57.8,15,10,6.8,Moravian College (Kitchen),Sodexo
1036339,425-5873,11/1/2018,11/13/2018,Sodexo,425-5873,10/27/2018,October,68,-99,57.8,15,10,6.8,Moravian College (Clewell Dining Hall),Sodexo
1036340,425-5874,11/1/2018,11/5/2018,Sodexo,425-5874,10/27/2018,October,118,-99,100.3,15,10,11.8,NCC - Residents,Sodexo
1036341,425-5875,11/1/2018,11/13/2018,Sodexo,425-5875,10/27/2018,October,68,-99,57.8,15,10,6.8,Moravian College (Market Place),Sodexo
1049801,F4691,12/11/2018,12/23/2018,,F4691,10/29/2018,October,1008.76,-99,0,,,0,Filta,
1030621,425-5791,11/7/2018,11/21/2018,,425-5791,10/31/2018,October,165,-99,0,,,0,Duck Donuts - Allentown,
1030622,425-5797,11/7/2018,12/18/2018,,425-5797,10/31/2018,October,120,-99,0,,,0,Giggleberry Fair,
1030623,425-5798,11/7/2018,1/1/2019,,425-5798,10/31/2018,October,522,-99,0,,,0,The Bucks Club,
1030624,425-5799,11/7/2018,12/29/2018,,425-5799,10/31/2018,October,290,-99,0,,,0,Whole Foods - Allentown,
1030625,425-5800,11/7/2018,11/27/2018,,425-5800,10/31/2018,October,270,-99,0,,,0,Lower Bucks Hospital,
1030626,425-5801,11/7/2018,12/22/2018,,425-5801,10/31/2018,October,320,-99,0,,,0,Pennswood Village,
